[
    {
      "id": "1",
      "slug": "que-es-web3",
      "date": "2025-04-05",
      "title": "¿Qué es Web3?",
      "author": "Juan Pérez",
      "summary": "Una introducción al concepto de Web3 y su relevancia.",
      "content": "Web3 es una evolución de internet que busca descentralizar el control mediante blockchain, contratos inteligentes y gobernanza comunitaria.",
      "tags": ["web3", "descentralización"],
      "image": "/images/blog/web3.jpg"
    },
    {
      "id": "2",
      "slug": "ethereum-explicado",
      "date": "2025-04-10",
      "title": "Ethereum explicado fácil",
      "author": "Juan Pérez",
      "summary": "Descubrí cómo funciona Ethereum y qué lo hace especial.",
      "content": "Ethereum permite crear aplicaciones descentralizadas mediante contratos inteligentes que se ejecutan sin intermediarios.",
      "tags": ["ethereum", "dapps"],
      "image": "/images/blog/web3.jpg"
    },
    {
      "id": "3",
      "slug": "introduccion-a-daos",
      "date": "2025-04-15",
      "title": "Introducción a las DAOs",
      "author": "Juan Pérez",
      "summary": "Qué son las Organizaciones Autónomas Descentralizadas y por qué importan.",
      "content": "Las DAOs son estructuras organizativas gestionadas por contratos inteligentes. Permiten una gobernanza distribuida, transparente y sin intermediarios tradicionales.",
      "tags": ["web3", "descentralización"],
      "image": "/images/blog/web3.jpg"
    },
    {
      "id": "4",
      "slug": "defi-para-principiantes",
      "date": "2025-04-18",
      "title": "DeFi para principiantes",
      "author": "Juan Pérez",
      "summary": "Exploramos las finanzas descentralizadas: qué son, cómo usarlas y sus riesgos.",
      "content": "DeFi permite acceder a productos financieros sin bancos ni intermediarios. Plataformas como Uniswap, Aave y MakerDAO lideran el ecosistema.",
      "tags": ["web3", "descentralización"],
      "image": "/images/blog/web3.jpg"
    },
    {
      "id": "5",
      "slug": "wallets-y-seguridad",
      "date": "2025-04-22",
      "title": "Wallets y seguridad en Web3 a proteger tus activos digitales y elegir una wallet adecuada",
      "author": "Juan Pérez",
      "summary": "Aprendé a proteger tus activos digitales y elegir una wallet adecuada. Exploramos las finanzas descentralizadas: qué son, cómo usarlas y sus riesgos.",
      "content": "Existen diferentes tipos de wallets: hot, cold, hardware y paper. La seguridad depende de tus hábitos y del tipo de wallet que uses. Un NFT es un token único que representa propiedad sobre un bien digital. Su aplicación va más allá del arte: entradas, juegos, membresías, y más. Las DAOs son estructuras organizativas gestionadas por contratos inteligentes. Permiten una gobernanza distribuida, transparente y sin intermediarios tradicionales. Las DAOs son estructuras organizativas gestionadas por contratos inteligentes. Permiten una gobernanza distribuida, transparente y sin intermediarios tradicionales. Las DAOs son estructuras organizativas gestionadas por contratos inteligentes. Permiten una gobernanza distribuida, transparente y sin intermediarios tradicionales. \n\nLas DAOs son estructuras organizativas gestionadas por contratos inteligentes. Permiten una gobernanza distribuida, transparente y sin intermediarios tradicionales. Las DAOs son estructuras organizativas gestionadas por contratos inteligentes. Permiten una gobernanza distribuida, transparente y sin intermediarios tradicionales. Las DAOs son estructuras organizativas gestionadas por contratos inteligentes. Permiten una gobernanza distribuida, transparente y sin intermediarios tradicionales.",
      "tags": ["web3", "gobernanza"],
      "image": "/images/blog/web3.jpg"
    },
    {
      "id": "6",
      "slug": "nfts-mucho-mas-que-arte",
      "date": "2025-04-25",
      "title": "NFTs: mucho más que arte",
      "author": "Juan Pérez",
      "summary": "Los NFTs están transformando industrias como la música, el gaming y la propiedad digital.",
      "content": "Un NFT es un token único que representa propiedad sobre un bien digital. Su aplicación va más allá del arte: entradas, juegos, membresías, y más.",
      "tags": ["web3", "descentralización"],
      "image": "/images/blog/web3.jpg"
    },
    {
      "id": "7",
      "slug": "que-es-web3",
      "date": "2025-04-05",
      "title": "¿Qué es Web3?",
      "author": "Juan Pérez",
      "summary": "Una introducción al concepto de Web3 y su relevancia.",
      "content": "Web3 es una evolución de internet que busca descentralizar el control mediante blockchain, contratos inteligentes y gobernanza comunitaria.",
      "tags": ["ethereum", "descentralización"],
      "image": "/images/blog/web3.jpg"
    },
    {
      "id": "8",
      "slug": "ethereum-explicado",
      "date": "2025-04-10",
      "title": "Ethereum explicado fácil",
      "author": "Juan Pérez",
      "summary": "Descubrí cómo funciona Ethereum y qué lo hace especial.",
      "content": "Ethereum permite crear aplicaciones descentralizadas mediante contratos inteligentes que se ejecutan sin intermediarios.",
      "tags": ["web3", "descentralización"],
      "image": "/images/blog/web3.jpg"
    },
    {
      "id": "9",
      "slug": "introduccion-a-daos",
      "date": "2025-04-15",
      "title": "Introducción a las DAOs",
      "author": "Juan Pérez",
      "summary": "Qué son las Organizaciones Autónomas Descentralizadas y por qué importan.",
      "content": "Las DAOs son estructuras organizativas gestionadas por contratos inteligentes. Permiten una gobernanza distribuida, transparente y sin intermediarios tradicionales.",
      "tags": ["dao", "gobernanza"],
      "image": "/images/blog/web3.jpg"
    },
    {
      "id": "10",
      "slug": "defi-para-principiantes",
      "date": "2025-04-18",
      "title": "DeFi para principiantes",
      "author": "Juan Pérez",
      "summary": "Exploramos las finanzas descentralizadas: qué son, cómo usarlas y sus riesgos.",
      "content": "DeFi permite acceder a productos financieros sin bancos ni intermediarios. Plataformas como Uniswap, Aave y MakerDAO lideran el ecosistema.",
      "tags": ["defi", "finanzas"],
      "image": "/images/blog/web3.jpg"
    },
    {
      "id": "11",
      "slug": "wallets-y-seguridad",
      "date": "2025-04-22",
      "title": "Wallets y seguridad en Web3",
      "author": "Juan Pérez",
      "summary": "Aprendé a proteger tus activos digitales y elegir una wallet adecuada.",
      "content": "Existen diferentes tipos de wallets: hot, cold, hardware y paper. La seguridad depende de tus hábitos y del tipo de wallet que uses.",
      "tags": ["seguridad", "wallets"],
      "image": "/images/blog/web3.jpg"
    },
    {
      "id": "12",
      "slug": "nfts-mucho-mas-que-arte",
      "date": "2025-04-25",
      "title": "NFTs: mucho más que arte",
      "author": "Juan Pérez",
      "summary": "Los NFTs están transformando industrias como la música, el gaming y la propiedad digital.",
      "content": "Un NFT es un token único que representa propiedad sobre un bien digital. Su aplicación va más allá del arte: entradas, juegos, membresías, y más.",
      "tags": ["nfts", "web3"],
      "image": "/images/blog/web3.jpg"
    }
  ]